id,author,timestamp,description,status
1,PMS_Core,2025-07-28T23:08:44Z,Blueprint updated via PMS-Core,merged
2,PMS_Core,2025-07-28T23:10:00Z,Blueprint updated via PMS-Core,merged
3,PMS_Core,2025-07-28T23:10:00Z,Blueprint updated via PMS-Core,merged
4,PMS_Core,2025-07-28T23:10:00Z,Blueprint updated via PMS-Core,merged
5,PMS_Core,2025-07-28T23:10:00Z,Blueprint updated via PMS-Core,merged
6,PMS_Core,2025-07-28T23:10:00Z,Blueprint updated via PMS-Core,merged
7,PMS_Core,2025-07-28T23:10:35Z,Blueprint updated via PMS-Core,merged
8,AiProjectManager,2025-08-05T17:17:19Z,Migrar docs/doc_templates/blueprint.md de estructura temporal a atemporal para alinear con convención blueprint vs roadmap,merged
9,BluePrintAgent,2025-08-05T21:45:00Z,Template blueprint.md migrado a estructura atemporal con placeholders v2.0 - enfoque en arquitectura y componentes técnicos,merged
10,BluePrintAgent,2025-08-05T21:47:00Z,Eliminada sección User Stories del template blueprint - mantener 100% atemporal (US van en backlog),merged
11,BluePrintAgent,2025-08-05T21:52:00Z,Template backlog_fN.yaml actualizado con placeholders E1-E5 B1 B5-B7 X4 X7 - estructura DevAgent-ready,merged
